{
  "sections": {
    "main": {
      "type": "main-product",
      "blocks": {
        "vendor": {
          "type": "vendor",
          "settings": {}
        },
        "title": {
          "type": "title",
          "settings": {}
        },
        "badges": {
          "type": "badges",
          "settings": {}
        },
        "price": {
          "type": "price",
          "settings": {}
        },
        "rating": {
          "type": "rating",
          "settings": {}
        },
        "payment_terms": {
          "type": "payment_terms",
          "settings": {}
        },
        "separator": {
          "type": "separator",
          "settings": {}
        },
        "description": {
          "type": "description",
          "settings": {}
        },
        "variant_picker": {
          "type": "variant_picker",
          "settings": {}
        },
        "buy_buttons": {
          "type": "buy_buttons",
          "settings": {}
        },
        "pickup_availability": {
          "type": "pickup_availability",
          "settings": {}
        },
        "shawq_value_line": {
          "type": "shawq_value_line",
          "settings": {
            "title": "Complete the look — naturally",
            "content": "<p>Pair it with a keffiyeh for the full Shawq silhouette. Clean, intentional, and true to the story.</p>"
          }
        },
        "shawq_bundle": {
          "type": "shawq_bundle",
          "settings": {
            "title": "Complete the look",
            "subtitle": "Add a matching keffiyeh — completes the outfit and lifts the look.",
            "bundle_product": ""
          }
        },
        "shawq_reassurance": {
          "type": "shawq_reassurance",
          "settings": {
            "item_1": "Fast shipping — typically 3–4 days",
            "item_2": "Easy returns & exchanges",
            "item_3": "Premium embroidery — built to last"
          }
        }
      },
      "block_order": [
        "vendor",
        "title",
        "badges",
        "price",
        "shawq_value_line",
        "shawq_bundle",
        "rating",
        "payment_terms",
        "separator",
        "description",
        "variant_picker",
        "shawq_reassurance",
        "buy_buttons"
      ],
      "settings": {}
    },
    "related-products": {
      "type": "related-products",
      "blocks": {
        "section-header": {
          "type": "_section-header",
          "static": true,
          "settings": {
            "title": "Related products",
            "content": ""
          }
        }
      },
      "settings": {}
    }
  },
  "order": [
    "main",
    "related-products"
  ]
}
