{
  "sections": {
    "main": {
      "type": "main-product",
      "blocks": {
        "vendor": {
          "type": "vendor",
          "disabled": true,
          "settings": {}
        },
        "title": {
          "type": "title",
          "settings": {
            "heading_tag": "h3"
          }
        },
        "badges": {
          "type": "badges",
          "settings": {}
        },
        "price": {
          "type": "price",
          "settings": {
            "show_taxes_notice": false
          }
        },
        "rating": {
          "type": "rating",
          "disabled": true,
          "settings": {
            "show_empty": false
          }
        },
        "payment_terms": {
          "type": "payment_terms",
          "settings": {}
        },
        "separator": {
          "type": "separator",
          "settings": {}
        },
        "description": {
          "type": "description",
          "settings": {
            "collapse_content": false,
            "uppercase_title": false
          }
        },
        "variant_picker": {
          "type": "variant_picker",
          "settings": {
            "hide_sold_out_variants": false,
            "separate_options": false,
            "selector_style": "block",
            "swatch_selector_style": "swatch",
            "swatch_selector_size": "lg",
            "block_selector_style": "fill",
            "variant_image_options": "",
            "size_chart_page": "b-w-long-sleeve-size-chart"
          }
        },
        "buy_buttons": {
          "type": "buy_buttons",
          "settings": {
            "show_payment_button": true,
            "show_gift_card_recipient": true,
            "show_quantity_selector": true,
            "add_quantity_selector_spacing": true,
            "atc_button_style": "solid",
            "atc_button_background": "",
            "atc_button_text_color": "",
            "payment_button_background": "",
            "payment_button_text_color": ""
          }
        },
        "accordion_WaQJRe": {
          "type": "accordion",
          "disabled": true,
          "settings": {
            "title": "<strong>Size Chart</strong>",
            "content": "<p>Model is 78 KG, 183 CM Wearing Medium</p>",
            "uppercase_title": false,
            "icon": "picto-measure",
            "page": ""
          }
        },
        "shawq_value_line": {
          "type": "shawq_value_line",
          "settings": {
            "title": "Complete the look — naturally",
            "content": "<p>Pair it with a keffiyeh for the full Shawq silhouette. Clean, intentional, and true to the story.</p>"
          }
        },
        "shawq_bundle": {
          "type": "shawq_bundle",
          "settings": {
            "title": "Complete the look",
            "subtitle": "Add a matching keffiyeh — completes the outfit and lifts the look.",
            "bundle_product": ""
          }
        },
        "shawq_reassurance": {
          "type": "shawq_reassurance",
          "settings": {
            "item_1": "Fast shipping — typically 3–4 days",
            "item_2": "Easy returns & exchanges",
            "item_3": "Premium embroidery — built to last"
          }
        }
      },
      "block_order": [
        "vendor",
        "title",
        "badges",
        "price",
        "shawq_value_line",
        "shawq_bundle",
        "rating",
        "payment_terms",
        "separator",
        "description",
        "variant_picker",
        "shawq_reassurance",
        "buy_buttons",
        "accordion_WaQJRe"
      ],
      "settings": {
        "color_scheme": "scheme-2",
        "allow_transparent_header": false,
        "transparent_header_use_primary_colors": false,
        "add_top_spacing": true,
        "show_sticky_add_to_cart": true,
        "product_media_size": 50,
        "content_alignment": "left",
        "desktop_media_layout": "carousel",
        "desktop_carousel_controls": "lines",
        "mobile_controls": "lines",
        "enable_media_autoplay": false,
        "enable_video_looping": true,
        "enable_image_zoom": true,
        "max_image_zoom_level": 3
      }
    }
  },
  "order": [
    "main"
  ]
}
