{
  "current": {
    "section_spacing": "loose",
    "icon_stroke_width": 1,
    "subheading_border_radius": 0,
    "button_border_radius": 0,
    "input_border_radius": 0,
    "dialog_backdrop_blur": 12,
    "default_color_scheme": "scheme-1",
    "product_sold_out_badge_background": "#1c1c1c",
    "product_custom_badge_background": "#e04837",
    "text_font": "montserrat_n4",
    "text_font_size_mobile": 11,
    "text_font_size_desktop": 12,
    "text_font_text_transform": "uppercase",
    "text_font_letter_spacing": 4,
    "heading_font": "inter_n4",
    "heading_font_size_factor": 1.2,
    "heading_text_transform": "uppercase",
    "heading_letter_spacing": -5,
    "heading_line_height": 0.9,
    "subheading_font": "inter_n4",
    "subheading_font_size": 15,
    "subheading_text_transform": "uppercase",
    "subheading_letter_spacing": 8,
    "subheading_icon": "diamond",
    "button_font_size_mobile": 11,
    "button_font_size_desktop": 12,
    "button_text_transform": "uppercase",
    "heading_default_highlight_effect": "none",
    "heading_italic_font": "manrope_n4",
    "currency_code_enabled": true,
    "button_animation": "rotation",
    "image_hover_animation": "zoom_filter",
    "color_swatch_shape": "rectangle",
    "product_card_color_scheme": "scheme-2",
    "product_card_style": "subheading",
    "product_card_image_aspect_ratio": "portrait_crop",
    "product_card_show_vendor": false,
    "product_card_info_position": "outside",
    "product_card_info_vertical_alignment": "start",
    "product_card_info_horizontal_alignment": "start",
    "product_card_title_max_lines": 1,
    "product_card_show_color_swatches": false,
    "product_card_swatches_position": "inside",
    "product_card_swatches_placement": "place-self-start-end",
    "product_card_show_rating": false,
    "product_card_badges_placement": "place-self-start-end",
    "product_card_show_badges_vertically": true,
    "product_card_show_sold_out_badge": true,
    "product_card_show_discount": true,
    "product_card_discount_mode": "percentage",
    "product_card_show_product_size_selector": false,
    "product_listing_spacing": "x-small",
    "cart_type": "drawer",
    "cart_icon": "shopping_bag",
    "favicon": "shopify://shop_images/fav-icon-32.svg",
    "content_for_index": [],
    "blocks": {
      "17450752420321394331": {
        "type": "shopify://apps/vex-auto-add-to-cart/blocks/vex-theme-extension/4050c1c7-5b58-4120-af12-e290cb2b28f0",
        "disabled": false,
        "settings": {}
      },
      "855628211100114053": {
        "type": "shopify://apps/klaviyo-email-marketing-sms/blocks/klaviyo-onsite-embed/2632fe16-c075-4321-a88b-50b567f42507",
        "disabled": false,
        "settings": {}
      },
      "15371875907551142993": {
        "type": "shopify://apps/autocart-auto-add-to-cart/blocks/app-embed-block/900ab645-be37-4635-9d9e-3d47b43b7711",
        "disabled": false,
        "settings": {}
      },
      "10605408327587305396": {
        "type": "shopify://apps/eg-auto-add-to-cart/blocks/app-embed/0f7d4f74-1e89-4820-aec4-6564d7e535d2",
        "disabled": false,
        "settings": {
          "version": "v3"
        }
      },
      "7085551204919508756": {
        "type": "shopify://apps/yuko-order-limits/blocks/app-order-limit/52f9f134-3e39-4eea-b253-74233a4918d4",
        "disabled": false,
        "settings": {}
      },
      "7860399670564181960": {
        "type": "shopify://apps/profy-banner-countdown-timer/blocks/app_embed/243a639f-ca73-4afe-b6aa-3a23277fb424",
        "disabled": false,
        "settings": {}
      },
      "7040418038501983048": {
        "type": "shopify://apps/hoppy-countdown/blocks/countdown_bar/93eb8092-0277-478d-8423-36c86e36287e",
        "disabled": false,
        "settings": {}
      },
      "12657775114333427046": {
        "type": "shopify://apps/essential-countdown-timer/blocks/app_embed/722378e8-5a70-4eae-aa89-9e44e8e9f6de",
        "disabled": false,
        "settings": {}
      },
      "18155451270687726080": {
        "type": "shopify://apps/snap-cart-drawer/blocks/sticky_button/749c3d78-31de-41bb-a321-492d569e1a37",
        "disabled": false,
        "settings": {}
      },
      "1530068250781986104": {
        "type": "shopify://apps/fbp-fast-bundle/blocks/fast_bundle/9e87fbe2-9041-4c23-acf5-322413994cef",
        "disabled": false,
        "settings": {
          "home": false
        }
      }
    },
    "color_schemes": {
      "scheme-1": {
        "settings": {
          "text_color": "#1c1c1c",
          "background": "#ffffff",
          "background_gradient": "",
          "secondary_background": "#f5f5f5",
          "primary_button_background": "#1c1c1c",
          "primary_button_text_color": "#ffffff",
          "subheading_background": "rgba(0,0,0,0)",
          "subheading_border_color": "rgba(0,0,0,0)",
          "subheading_text_color": "#1c1c1c",
          "heading_highlight_accent_color": "#1c1c1c",
          "heading_highlight_text_color": "#ffffff",
          "input_background": "#ffffff",
          "input_text_color": "#1c1c1c"
        }
      },
      "scheme-2": {
        "settings": {
          "text_color": "#1e1a18",
          "background": "#fffefc",
          "background_gradient": "",
          "secondary_background": "#ffffff",
          "primary_button_background": "#c2186a",
          "primary_button_text_color": "#ffffff",
          "subheading_background": "rgba(0,0,0,0)",
          "subheading_border_color": "#1c1c1c",
          "subheading_text_color": "#1e1a18",
          "heading_highlight_accent_color": "#c2186a",
          "heading_highlight_text_color": "#1c1c1c",
          "input_background": "#ffffff",
          "input_text_color": "#1c1c1c"
        }
      },
      "scheme-3": {
        "settings": {
          "text_color": "#ffffff",
          "background": "rgba(0,0,0,0)",
          "background_gradient": "",
          "secondary_background": "#f0f0f0",
          "primary_button_background": "#ffffff",
          "primary_button_text_color": "#080912",
          "subheading_background": "",
          "subheading_border_color": "rgba(0,0,0,0)",
          "subheading_text_color": "#ffffff",
          "heading_highlight_accent_color": "#030305",
          "heading_highlight_text_color": "#ffffff",
          "input_background": "#ffffff",
          "input_text_color": "#030305"
        }
      },
      "scheme-4": {
        "settings": {
          "text_color": "#1c1c1c",
          "background": "#ecebe9",
          "background_gradient": "",
          "secondary_background": "#ffffff",
          "primary_button_background": "#1c1c1c",
          "primary_button_text_color": "#ffffff",
          "subheading_background": "rgba(0,0,0,0)",
          "subheading_border_color": "rgba(0,0,0,0)",
          "subheading_text_color": "#1c1c1c",
          "heading_highlight_accent_color": "#1c1c1c",
          "heading_highlight_text_color": "#ffffff",
          "input_background": "#ffffff",
          "input_text_color": "#1c1c1c"
        }
      },
      "scheme-5": {
        "settings": {
          "text_color": "#1c1c1c",
          "background": "#ffffff",
          "background_gradient": "linear-gradient(310deg, rgba(255, 205, 0, 1), rgba(229, 184, 0, 1) 100%)",
          "secondary_background": "#f5f5f5",
          "primary_button_background": "#1c1c1c",
          "primary_button_text_color": "#ffffff",
          "subheading_background": "rgba(0,0,0,0)",
          "subheading_border_color": "rgba(0,0,0,0)",
          "subheading_text_color": "#1c1c1c",
          "heading_highlight_accent_color": "#1c1c1c",
          "heading_highlight_text_color": "#ffffff",
          "input_background": "#ffffff",
          "input_text_color": "#1c1c1c"
        }
      },
      "scheme-6": {
        "settings": {
          "text_color": "#1e1a18",
          "background": "#fffefc",
          "background_gradient": "",
          "secondary_background": "#f5f5f5",
          "primary_button_background": "#1e1a18",
          "primary_button_text_color": "#ffffff",
          "subheading_background": "rgba(0,0,0,0)",
          "subheading_border_color": "rgba(0,0,0,0)",
          "subheading_text_color": "#ffffff",
          "heading_highlight_accent_color": "#c2186a",
          "heading_highlight_text_color": "#1e1a18",
          "input_background": "#ffffff",
          "input_text_color": "#1c1c1c"
        }
      },
      "scheme-7": {
        "settings": {
          "text_color": "#ffffff",
          "background": "#736960",
          "background_gradient": "",
          "secondary_background": "#f5f5f5",
          "primary_button_background": "#1c1c1c",
          "primary_button_text_color": "#ffffff",
          "subheading_background": "rgba(0,0,0,0)",
          "subheading_border_color": "rgba(0,0,0,0)",
          "subheading_text_color": "#ffffff",
          "heading_highlight_accent_color": "#1c1c1c",
          "heading_highlight_text_color": "#ffffff",
          "input_background": "#ffffff",
          "input_text_color": "#1c1c1c"
        }
      }
    }
  },
  "presets": {
    "Sand": {
      "button_border_radius": 30,
      "input_border_radius": 30,
      "dialog_backdrop_blur": 12,
      "product_sold_out_badge_background": "#321e1e",
      "product_custom_badge_background": "#ffffff",
      "text_font": "instrument_sans_n4",
      "text_font_size_mobile": 12,
      "text_font_size_desktop": 13,
      "text_font_text_transform": "normal",
      "text_font_letter_spacing": 0,
      "heading_font": "bricolage_grotesque_n4",
      "heading_font_size_factor": 0.9,
      "heading_text_transform": "lowercase",
      "heading_letter_spacing": -5,
      "heading_line_height": 0.9,
      "subheading_font": "instrument_sans_n5",
      "subheading_text_transform": "lowercase",
      "subheading_icon": "circle",
      "button_font_size_mobile": 12,
      "button_font_size_desktop": 13,
      "button_text_transform": "lowercase",
      "heading_default_highlight_effect": "underline_pencil",
      "button_animation": "up",
      "image_hover_animation": "zoom",
      "product_card_color_scheme": "scheme-1",
      "product_card_show_vendor": false,
      "product_card_info_position": "inside",
      "product_card_info_vertical_alignment": "end",
      "product_card_show_color_swatches": false,
      "product_card_swatches_position": "inside",
      "product_card_badges_placement": "place-self-start",
      "product_card_show_badges_vertically": false,
      "product_card_show_sold_out_badge": true,
      "product_card_show_discount": false,
      "product_card_discount_mode": "percentage",
      "product_card_show_product_size_selector": false,
      "product_listing_spacing": "none",
      "cart_type": "drawer",
      "cart_icon": "tote_bag",
      "color_schemes": {
        "scheme-1": {
          "settings": {
            "text_color": "#321e1e",
            "background": "#faf4f0",
            "background_gradient": "",
            "secondary_background": "#ffffff",
            "primary_button_background": "#321e1e",
            "primary_button_text_color": "#ffffff",
            "subheading_background": "",
            "subheading_border_color": "",
            "subheading_text_color": "#321e1e",
            "heading_highlight_accent_color": "#321e1e",
            "heading_highlight_text_color": "#ffffff",
            "input_background": "#ffffff",
            "input_text_color": "#321e1e"
          }
        },
        "scheme-2": {
          "settings": {
            "text_color": "#321e1e",
            "background": "#ffffff",
            "background_gradient": "",
            "secondary_background": "#faf4f0",
            "primary_button_background": "#321e1e",
            "primary_button_text_color": "#ffffff",
            "subheading_background": "",
            "subheading_border_color": "",
            "subheading_text_color": "#321e1e",
            "heading_highlight_accent_color": "#321e1e",
            "heading_highlight_text_color": "#ffffff",
            "input_background": "#ffffff",
            "input_text_color": "#321e1e"
          }
        },
        "scheme-3": {
          "settings": {
            "text_color": "#ffffff",
            "background": "rgba(0,0,0,0)",
            "background_gradient": "",
            "secondary_background": "#f0f0f0",
            "subheading_background": "",
            "subheading_border_color": "rgba(0,0,0,0)",
            "subheading_text_color": "#ffffff",
            "heading_highlight_accent_color": "#030305",
            "heading_highlight_text_color": "#ffffff",
            "primary_button_background": "#ffffff",
            "primary_button_text_color": "#080912",
            "input_background": "#ffffff",
            "input_text_color": "#030305"
          }
        },
        "scheme-4": {
          "settings": {
            "text_color": "#faf4f0",
            "background": "#321e1e",
            "background_gradient": "",
            "secondary_background": "#ffffff",
            "primary_button_background": "#faf4f0",
            "primary_button_text_color": "#321e1e",
            "subheading_background": "",
            "subheading_border_color": "",
            "subheading_text_color": "#faf4f0",
            "heading_highlight_accent_color": "#faf4f0",
            "heading_highlight_text_color": "#321e1e",
            "input_background": "#230f0f",
            "input_text_color": "#ffffff"
          }
        },
        "scheme-5": {
          "settings": {
            "text_color": "#321e1e",
            "background": "#f1e4d3",
            "background_gradient": "",
            "secondary_background": "#ffffff",
            "primary_button_background": "#321e1e",
            "primary_button_text_color": "#ffffff",
            "subheading_background": "",
            "subheading_border_color": "",
            "subheading_text_color": "#321e1e",
            "heading_highlight_accent_color": "#a32a1a",
            "heading_highlight_text_color": "#ffffff",
            "input_background": "#ffffff",
            "input_text_color": "#321e1e"
          }
        },
        "scheme-6": {
          "settings": {
            "text_color": "#ffffff",
            "background": "#52572e",
            "background_gradient": "",
            "secondary_background": "#ffffff",
            "primary_button_background": "#ffffff",
            "primary_button_text_color": "#52572e",
            "subheading_background": "",
            "subheading_border_color": "",
            "subheading_text_color": "#ffffff",
            "heading_highlight_accent_color": "#ffffff",
            "heading_highlight_text_color": "#52572e",
            "input_background": "#ffffff",
            "input_text_color": "#52572e"
          }
        },
        "scheme-7": {
          "settings": {
            "text_color": "#ffffff",
            "background": "#000000",
            "secondary_background": "#000000",
            "subheading_background": "",
            "subheading_border_color": "",
            "subheading_text_color": "#ffffff",
            "heading_highlight_accent_color": "#ffffff",
            "heading_highlight_text_color": "#ffffff",
            "primary_button_background": "#ffffff",
            "primary_button_text_color": "#000000",
            "input_background": "#000000",
            "input_text_color": "#ffffff"
          }
        }
      }
    },
    "Snow": {
      "section_spacing": "loose",
      "icon_stroke_width": 1,
      "subheading_border_radius": 0,
      "button_border_radius": 0,
      "input_border_radius": 0,
      "dialog_backdrop_blur": 12,
      "product_custom_badge_background": "#e04837",
      "text_font": "inter_n4",
      "text_font_size_mobile": 11,
      "text_font_size_desktop": 12,
      "text_font_text_transform": "uppercase",
      "text_font_letter_spacing": 4,
      "heading_font": "inter_n4",
      "heading_font_size_factor": 0.9,
      "heading_letter_spacing": -5,
      "heading_line_height": 0.9,
      "subheading_font": "inter_n4",
      "subheading_text_transform": "uppercase",
      "subheading_letter_spacing": 4,
      "subheading_icon": "square",
      "heading_default_highlight_effect": "marker",
      "heading_italic_font": "inter_n4",
      "button_animation": "up",
      "image_hover_animation": "zoom_filter",
      "color_swatch_shape": "rectangle",
      "product_card_color_scheme": "scheme-4",
      "product_card_style": "subheading",
      "product_card_info_position": "inside",
      "product_card_info_vertical_alignment": "start",
      "product_card_info_horizontal_alignment": "start",
      "product_card_show_color_swatches": true,
      "product_card_swatches_position": "inside",
      "product_card_swatches_placement": "place-self-start-end",
      "product_card_show_rating": false,
      "product_card_badges_placement": "place-self-start-end",
      "product_card_show_badges_vertically": true,
      "product_card_discount_mode": "percentage",
      "product_listing_spacing": "x-small",
      "cart_type": "drawer",
      "cart_icon": "shopping_bag",
      "color_schemes": {
        "scheme-1": {
          "settings": {
            "text_color": "#1c1c1c",
            "background": "#ffffff",
            "background_gradient": "",
            "secondary_background": "#f5f5f5",
            "primary_button_background": "#1c1c1c",
            "primary_button_text_color": "#ffffff",
            "subheading_background": "rgba(0,0,0,0)",
            "subheading_border_color": "rgba(0,0,0,0)",
            "subheading_text_color": "#1c1c1c",
            "heading_highlight_accent_color": "#1c1c1c",
            "heading_highlight_text_color": "#ffffff",
            "input_background": "#ffffff",
            "input_text_color": "#1c1c1c"
          }
        },
        "scheme-2": {
          "settings": {
            "text_color": "#ffffff",
            "background": "#1c1c1c",
            "background_gradient": "",
            "secondary_background": "#ecebe9",
            "primary_button_background": "#ffffff",
            "primary_button_text_color": "#000000",
            "subheading_background": "rgba(0,0,0,0)",
            "subheading_border_color": "rgba(0,0,0,0)",
            "subheading_text_color": "#ffffff",
            "heading_highlight_accent_color": "#ffffff",
            "heading_highlight_text_color": "#ffffff",
            "input_background": "#ffffff",
            "input_text_color": "#1c1c1c"
          }
        },
        "scheme-3": {
          "settings": {
            "text_color": "#ffffff",
            "background": "rgba(0,0,0,0)",
            "background_gradient": "",
            "secondary_background": "#f0f0f0",
            "subheading_background": "",
            "subheading_border_color": "rgba(0,0,0,0)",
            "subheading_text_color": "#ffffff",
            "heading_highlight_accent_color": "#030305",
            "heading_highlight_text_color": "#ffffff",
            "primary_button_background": "#ffffff",
            "primary_button_text_color": "#080912",
            "input_background": "#ffffff",
            "input_text_color": "#030305"
          }
        },
        "scheme-4": {
          "settings": {
            "text_color": "#1c1c1c",
            "background": "#ecebe9",
            "background_gradient": "",
            "secondary_background": "#ffffff",
            "primary_button_background": "#1c1c1c",
            "primary_button_text_color": "#ffffff",
            "subheading_background": "rgba(0,0,0,0)",
            "subheading_border_color": "rgba(0,0,0,0)",
            "subheading_text_color": "#1c1c1c",
            "heading_highlight_accent_color": "#1c1c1c",
            "heading_highlight_text_color": "#ffffff",
            "input_background": "#ffffff",
            "input_text_color": "#1c1c1c"
          }
        },
        "scheme-5": {
          "settings": {
            "text_color": "#1c1c1c",
            "background": "#ffffff",
            "background_gradient": "linear-gradient(310deg, rgba(255, 205, 0, 1), rgba(229, 184, 0, 1) 100%)",
            "secondary_background": "#f5f5f5",
            "primary_button_background": "#1c1c1c",
            "primary_button_text_color": "#ffffff",
            "subheading_background": "rgba(0,0,0,0)",
            "subheading_border_color": "rgba(0,0,0,0)",
            "subheading_text_color": "#1c1c1c",
            "heading_highlight_accent_color": "#1c1c1c",
            "heading_highlight_text_color": "#ffffff",
            "input_background": "#ffffff",
            "input_text_color": "#1c1c1c"
          }
        },
        "scheme-6": {
          "settings": {
            "text_color": "#ffffff",
            "background": "#40433d",
            "background_gradient": "",
            "secondary_background": "#f5f5f5",
            "primary_button_background": "#1c1c1c",
            "primary_button_text_color": "#ffffff",
            "subheading_background": "rgba(0,0,0,0)",
            "subheading_border_color": "rgba(0,0,0,0)",
            "subheading_text_color": "#ffffff",
            "heading_highlight_accent_color": "#1c1c1c",
            "heading_highlight_text_color": "#ffffff",
            "input_background": "#ffffff",
            "input_text_color": "#1c1c1c"
          }
        },
        "scheme-7": {
          "settings": {
            "text_color": "#ffffff",
            "background": "#736960",
            "background_gradient": "",
            "secondary_background": "#f5f5f5",
            "primary_button_background": "#1c1c1c",
            "primary_button_text_color": "#ffffff",
            "subheading_background": "rgba(0,0,0,0)",
            "subheading_border_color": "rgba(0,0,0,0)",
            "subheading_text_color": "#ffffff",
            "heading_highlight_accent_color": "#1c1c1c",
            "heading_highlight_text_color": "#ffffff",
            "input_background": "#ffffff",
            "input_text_color": "#1c1c1c"
          }
        }
      }
    }
  },
  "platform_customizations": {
    "custom_css": []
  }
}